{
  "model": {
    "type": "minecraft:select",
    "cases": [
      {
        "model": {
			"type": "minecraft:composite",
			"models": [
				{
					"type": "minecraft:model",
					"model": "minecraft:item/furniture/plant_item/saguaro_cactus"
				},
				{
					"type": "minecraft:model",
					"model": "minecraft:item/furniture/plant_item/saguaro_cactus_overlay",
					"tints": [
						{
							"type": "minecraft:dye",
							"default": -65348
						}
					]
				}
			]
        },
        "when": [
          "gui",
          "ground",
          "fixed"
        ]
      }
    ],
    "fallback": {
		"type": "minecraft:model",
		"model": "item/furniture/plant/saguaro_cactus",
		"tints": [
			{
				"type": "minecraft:dye",
				"default": -65348
			}
		]
    },
    "property": "minecraft:display_context"
  }
}